Workbook

Sheet Attendance Tracker
A1: MERN STACK COURSE — 4 MONTH ATTENDANCE REGISTER
A3: Course Name | B3: MERN Stack Development | F3: Attendance Codes
A4: Duration | B4: 4 Months | F4: P | G4: Present
A5: Instructor | B5: Enter Instructor Name | F5: A | G5: Absent
A6: Student Name | B6: Enter Student Name | F6: L | G6: Leave
A7: Batch / Mode | B7: Online / Offline
A8: Course Start Date | B8: 46268
A10: Date | B10: Day | C10: Topic / Module | D10: Attendance | E10: Remarks | F10: Present | G10: Absent | H10: Leave
A11: =IF($B$8="","",$B$8+0) | B11: =IF(A11="","",TEXT(A11,"ddd")) | F11: =IF(D11="P",1,0) | G11: =IF(D11="A",1,0) | H11: =IF(D11="L",1,0)
A12: =IF($B$8="","",$B$8+1) | B12: =IF(A12="","",TEXT(A12,"ddd")) | F12: =IF(D12="P",1,0) | G12: =IF(D12="A",1,0) | H12: =IF(D12="L",1,0)
A13: =IF($B$8="","",$B$8+2) | B13: =IF(A13="","",TEXT(A13,"ddd")) | F13: =IF(D13="P",1,0) | G13: =IF(D13="A",1,0) | H13: =IF(D13="L",1,0)
A14: =IF($B$8="","",$B$8+3) | B14: =IF(A14="","",TEXT(A14,"ddd")) | F14: =IF(D14="P",1,0) | G14: =IF(D14="A",1,0) | H14: =IF(D14="L",1,0)
A15: =IF($B$8="","",$B$8+4) | B15: =IF(A15="","",TEXT(A15,"ddd")) | F15: =IF(D15="P",1,0) | G15: =IF(D15="A",1,0) | H15: =IF(D15="L",1,0)
A16: =IF($B$8="","",$B$8+5) | B16: =IF(A16="","",TEXT(A16,"ddd")) | F16: =IF(D16="P",1,0) | G16: =IF(D16="A",1,0) | H16: =IF(D16="L",1,0)
A17: =IF($B$8="","",$B$8+6) | B17: =IF(A17="","",TEXT(A17,"ddd")) | F17: =IF(D17="P",1,0) | G17: =IF(D17="A",1,0) | H17: =IF(D17="L",1,0)
A18: =IF($B$8="","",$B$8+7) | B18: =IF(A18="","",TEXT(A18,"ddd")) | F18: =IF(D18="P",1,0) | G18: =IF(D18="A",1,0) | H18: =IF(D18="L",1,0)
A19: =IF($B$8="","",$B$8+8) | B19: =IF(A19="","",TEXT(A19,"ddd")) | F19: =IF(D19="P",1,0) | G19: =IF(D19="A",1,0) | H19: =IF(D19="L",1,0)
A20: =IF($B$8="","",$B$8+9) | B20: =IF(A20="","",TEXT(A20,"ddd")) | F20: =IF(D20="P",1,0) | G20: =IF(D20="A",1,0) | H20: =IF(D20="L",1,0)
A21: =IF($B$8="","",$B$8+10) | B21: =IF(A21="","",TEXT(A21,"ddd")) | F21: =IF(D21="P",1,0) | G21: =IF(D21="A",1,0) | H21: =IF(D21="L",1,0)
A22: =IF($B$8="","",$B$8+11) | B22: =IF(A22="","",TEXT(A22,"ddd")) | F22: =IF(D22="P",1,0) | G22: =IF(D22="A",1,0) | H22: =IF(D22="L",1,0)
A23: =IF($B$8="","",$B$8+12) | B23: =IF(A23="","",TEXT(A23,"ddd")) | F23: =IF(D23="P",1,0) | G23: =IF(D23="A",1,0) | H23: =IF(D23="L",1,0)
A24: =IF($B$8="","",$B$8+13) | B24: =IF(A24="","",TEXT(A24,"ddd")) | F24: =IF(D24="P",1,0) | G24: =IF(D24="A",1,0) | H24: =IF(D24="L",1,0)
A25: =IF($B$8="","",$B$8+14) | B25: =IF(A25="","",TEXT(A25,"ddd")) | F25: =IF(D25="P",1,0) | G25: =IF(D25="A",1,0) | H25: =IF(D25="L",1,0)
A26: =IF($B$8="","",$B$8+15) | B26: =IF(A26="","",TEXT(A26,"ddd")) | F26: =IF(D26="P",1,0) | G26: =IF(D26="A",1,0) | H26: =IF(D26="L",1,0)
A27: =IF($B$8="","",$B$8+16) | B27: =IF(A27="","",TEXT(A27,"ddd")) | F27: =IF(D27="P",1,0) | G27: =IF(D27="A",1,0) | H27: =IF(D27="L",1,0)
A28: =IF($B$8="","",$B$8+17) | B28: =IF(A28="","",TEXT(A28,"ddd")) | F28: =IF(D28="P",1,0) | G28: =IF(D28="A",1,0) | H28: =IF(D28="L",1,0)
A29: =IF($B$8="","",$B$8+18) | B29: =IF(A29="","",TEXT(A29,"ddd")) | F29: =IF(D29="P",1,0) | G29: =IF(D29="A",1,0) | H29: =IF(D29="L",1,0)
A30: =IF($B$8="","",$B$8+19) | B30: =IF(A30="","",TEXT(A30,"ddd")) | F30: =IF(D30="P",1,0) | G30: =IF(D30="A",1,0) | H30: =IF(D30="L",1,0)
A31: =IF($B$8="","",$B$8+20) | B31: =IF(A31="","",TEXT(A31,"ddd")) | F31: =IF(D31="P",1,0) | G31: =IF(D31="A",1,0) | H31: =IF(D31="L",1,0)
A32: =IF($B$8="","",$B$8+21) | B32: =IF(A32="","",TEXT(A32,"ddd")) | F32: =IF(D32="P",1,0) | G32: =IF(D32="A",1,0) | H32: =IF(D32="L",1,0)
A33: =IF($B$8="","",$B$8+22) | B33: =IF(A33="","",TEXT(A33,"ddd")) | F33: =IF(D33="P",1,0) | G33: =IF(D33="A",1,0) | H33: =IF(D33="L",1,0)
A34: =IF($B$8="","",$B$8+23) | B34: =IF(A34="","",TEXT(A34,"ddd")) | F34: =IF(D34="P",1,0) | G34: =IF(D34="A",1,0) | H34: =IF(D34="L",1,0)
A35: =IF($B$8="","",$B$8+24) | B35: =IF(A35="","",TEXT(A35,"ddd")) | F35: =IF(D35="P",1,0) | G35: =IF(D35="A",1,0) | H35: =IF(D35="L",1,0)
A36: =IF($B$8="","",$B$8+25) | B36: =IF(A36="","",TEXT(A36,"ddd")) | F36: =IF(D36="P",1,0) | G36: =IF(D36="A",1,0) | H36: =IF(D36="L",1,0)
A37: =IF($B$8="","",$B$8+26) | B37: =IF(A37="","",TEXT(A37,"ddd")) | F37: =IF(D37="P",1,0) | G37: =IF(D37="A",1,0) | H37: =IF(D37="L",1,0)
A38: =IF($B$8="","",$B$8+27) | B38: =IF(A38="","",TEXT(A38,"ddd")) | F38: =IF(D38="P",1,0) | G38: =IF(D38="A",1,0) | H38: =IF(D38="L",1,0)
A39: =IF($B$8="","",$B$8+28) | B39: =IF(A39="","",TEXT(A39,"ddd")) | F39: =IF(D39="P",1,0) | G39: =IF(D39="A",1,0) | H39: =IF(D39="L",1,0)
A40: =IF($B$8="","",$B$8+29) | B40: =IF(A40="","",TEXT(A40,"ddd")) | F40: =IF(D40="P",1,0) | G40: =IF(D40="A",1,0) | H40: =IF(D40="L",1,0)
A41: =IF($B$8="","",$B$8+30) | B41: =IF(A41="","",TEXT(A41,"ddd")) | F41: =IF(D41="P",1,0) | G41: =IF(D41="A",1,0) | H41: =IF(D41="L",1,0)
A42: =IF($B$8="","",$B$8+31) | B42: =IF(A42="","",TEXT(A42,"ddd")) | F42: =IF(D42="P",1,0) | G42: =IF(D42="A",1,0) | H42: =IF(D42="L",1,0)
A43: =IF($B$8="","",$B$8+32) | B43: =IF(A43="","",TEXT(A43,"ddd")) | F43: =IF(D43="P",1,0) | G43: =IF(D43="A",1,0) | H43: =IF(D43="L",1,0)
A44: =IF($B$8="","",$B$8+33) | B44: =IF(A44="","",TEXT(A44,"ddd")) | F44: =IF(D44="P",1,0) | G44: =IF(D44="A",1,0) | H44: =IF(D44="L",1,0)
A45: =IF($B$8="","",$B$8+34) | B45: =IF(A45="","",TEXT(A45,"ddd")) | F45: =IF(D45="P",1,0) | G45: =IF(D45="A",1,0) | H45: =IF(D45="L",1,0)
A46: =IF($B$8="","",$B$8+35) | B46: =IF(A46="","",TEXT(A46,"ddd")) | F46: =IF(D46="P",1,0) | G46: =IF(D46="A",1,0) | H46: =IF(D46="L",1,0)
A47: =IF($B$8="","",$B$8+36) | B47: =IF(A47="","",TEXT(A47,"ddd")) | F47: =IF(D47="P",1,0) | G47: =IF(D47="A",1,0) | H47: =IF(D47="L",1,0)
A48: =IF($B$8="","",$B$8+37) | B48: =IF(A48="","",TEXT(A48,"ddd")) | F48: =IF(D48="P",1,0) | G48: =IF(D48="A",1,0) | H48: =IF(D48="L",1,0)
A49: =IF($B$8="","",$B$8+38) | B49: =IF(A49="","",TEXT(A49,"ddd")) | F49: =IF(D49="P",1,0) | G49: =IF(D49="A",1,0) | H49: =IF(D49="L",1,0)
A50: =IF($B$8="","",$B$8+39) | B50: =IF(A50="","",TEXT(A50,"ddd")) | F50: =IF(D50="P",1,0) | G50: =IF(D50="A",1,0) | H50: =IF(D50="L",1,0)
A51: =IF($B$8="","",$B$8+40) | B51: =IF(A51="","",TEXT(A51,"ddd")) | F51: =IF(D51="P",1,0) | G51: =IF(D51="A",1,0) | H51: =IF(D51="L",1,0)
A52: =IF($B$8="","",$B$8+41) | B52: =IF(A52="","",TEXT(A52,"ddd")) | F52: =IF(D52="P",1,0) | G52: =IF(D52="A",1,0) | H52: =IF(D52="L",1,0)
A53: =IF($B$8="","",$B$8+42) | B53: =IF(A53="","",TEXT(A53,"ddd")) | F53: =IF(D53="P",1,0) | G53: =IF(D53="A",1,0) | H53: =IF(D53="L",1,0)
A54: =IF($B$8="","",$B$8+43) | B54: =IF(A54="","",TEXT(A54,"ddd")) | F54: =IF(D54="P",1,0) | G54: =IF(D54="A",1,0) | H54: =IF(D54="L",1,0)
A55: =IF($B$8="","",$B$8+44) | B55: =IF(A55="","",TEXT(A55,"ddd")) | F55: =IF(D55="P",1,0) | G55: =IF(D55="A",1,0) | H55: =IF(D55="L",1,0)
A56: =IF($B$8="","",$B$8+45) | B56: =IF(A56="","",TEXT(A56,"ddd")) | F56: =IF(D56="P",1,0) | G56: =IF(D56="A",1,0) | H56: =IF(D56="L",1,0)
A57: =IF($B$8="","",$B$8+46) | B57: =IF(A57="","",TEXT(A57,"ddd")) | F57: =IF(D57="P",1,0) | G57: =IF(D57="A",1,0) | H57: =IF(D57="L",1,0)
A58: =IF($B$8="","",$B$8+47) | B58: =IF(A58="","",TEXT(A58,"ddd")) | F58: =IF(D58="P",1,0) | G58: =IF(D58="A",1,0) | H58: =IF(D58="L",1,0)
A59: =IF($B$8="","",$B$8+48) | B59: =IF(A59="","",TEXT(A59,"ddd")) | F59: =IF(D59="P",1,0) | G59: =IF(D59="A",1,0) | H59: =IF(D59="L",1,0)
A60: =IF($B$8="","",$B$8+49) | B60: =IF(A60="","",TEXT(A60,"ddd")) | F60: =IF(D60="P",1,0) | G60: =IF(D60="A",1,0) | H60: =IF(D60="L",1,0)
A61: =IF($B$8="","",$B$8+50) | B61: =IF(A61="","",TEXT(A61,"ddd")) | F61: =IF(D61="P",1,0) | G61: =IF(D61="A",1,0) | H61: =IF(D61="L",1,0)
A62: =IF($B$8="","",$B$8+51) | B62: =IF(A62="","",TEXT(A62,"ddd")) | F62: =IF(D62="P",1,0) | G62: =IF(D62="A",1,0) | H62: =IF(D62="L",1,0)
A63: =IF($B$8="","",$B$8+52) | B63: =IF(A63="","",TEXT(A63,"ddd")) | F63: =IF(D63="P",1,0) | G63: =IF(D63="A",1,0) | H63: =IF(D63="L",1,0)
A64: =IF($B$8="","",$B$8+53) | B64: =IF(A64="","",TEXT(A64,"ddd")) | F64: =IF(D64="P",1,0) | G64: =IF(D64="A",1,0) | H64: =IF(D64="L",1,0)
A65: =IF($B$8="","",$B$8+54) | B65: =IF(A65="","",TEXT(A65,"ddd")) | F65: =IF(D65="P",1,0) | G65: =IF(D65="A",1,0) | H65: =IF(D65="L",1,0)
A66: =IF($B$8="","",$B$8+55) | B66: =IF(A66="","",TEXT(A66,"ddd")) | F66: =IF(D66="P",1,0) | G66: =IF(D66="A",1,0) | H66: =IF(D66="L",1,0)
A67: =IF($B$8="","",$B$8+56) | B67: =IF(A67="","",TEXT(A67,"ddd")) | F67: =IF(D67="P",1,0) | G67: =IF(D67="A",1,0) | H67: =IF(D67="L",1,0)
A68: =IF($B$8="","",$B$8+57) | B68: =IF(A68="","",TEXT(A68,"ddd")) | F68: =IF(D68="P",1,0) | G68: =IF(D68="A",1,0) | H68: =IF(D68="L",1,0)
A69: =IF($B$8="","",$B$8+58) | B69: =IF(A69="","",TEXT(A69,"ddd")) | F69: =IF(D69="P",1,0) | G69: =IF(D69="A",1,0) | H69: =IF(D69="L",1,0)
A70: =IF($B$8="","",$B$8+59) | B70: =IF(A70="","",TEXT(A70,"ddd")) | F70: =IF(D70="P",1,0) | G70: =IF(D70="A",1,0) | H70: =IF(D70="L",1,0)
A71: =IF($B$8="","",$B$8+60) | B71: =IF(A71="","",TEXT(A71,"ddd")) | F71: =IF(D71="P",1,0) | G71: =IF(D71="A",1,0) | H71: =IF(D71="L",1,0)
A72: =IF($B$8="","",$B$8+61) | B72: =IF(A72="","",TEXT(A72,"ddd")) | F72: =IF(D72="P",1,0) | G72: =IF(D72="A",1,0) | H72: =IF(D72="L",1,0)
A73: =IF($B$8="","",$B$8+62) | B73: =IF(A73="","",TEXT(A73,"ddd")) | F73: =IF(D73="P",1,0) | G73: =IF(D73="A",1,0) | H73: =IF(D73="L",1,0)
A74: =IF($B$8="","",$B$8+63) | B74: =IF(A74="","",TEXT(A74,"ddd")) | F74: =IF(D74="P",1,0) | G74: =IF(D74="A",1,0) | H74: =IF(D74="L",1,0)
A75: =IF($B$8="","",$B$8+64) | B75: =IF(A75="","",TEXT(A75,"ddd")) | F75: =IF(D75="P",1,0) | G75: =IF(D75="A",1,0) | H75: =IF(D75="L",1,0)
A76: =IF($B$8="","",$B$8+65) | B76: =IF(A76="","",TEXT(A76,"ddd")) | F76: =IF(D76="P",1,0) | G76: =IF(D76="A",1,0) | H76: =IF(D76="L",1,0)
A77: =IF($B$8="","",$B$8+66) | B77: =IF(A77="","",TEXT(A77,"ddd")) | F77: =IF(D77="P",1,0) | G77: =IF(D77="A",1,0) | H77: =IF(D77="L",1,0)
A78: =IF($B$8="","",$B$8+67) | B78: =IF(A78="","",TEXT(A78,"ddd")) | F78: =IF(D78="P",1,0) | G78: =IF(D78="A",1,0) | H78: =IF(D78="L",1,0)
A79: =IF($B$8="","",$B$8+68) | B79: =IF(A79="","",TEXT(A79,"ddd")) | F79: =IF(D79="P",1,0) | G79: =IF(D79="A",1,0) | H79: =IF(D79="L",1,0)
A80: =IF($B$8="","",$B$8+69) | B80: =IF(A80="","",TEXT(A80,"ddd")) | F80: =IF(D80="P",1,0) | G80: =IF(D80="A",1,0) | H80: =IF(D80="L",1,0)
A81: =IF($B$8="","",$B$8+70) | B81: =IF(A81="","",TEXT(A81,"ddd")) | F81: =IF(D81="P",1,0) | G81: =IF(D81="A",1,0) | H81: =IF(D81="L",1,0)
A82: =IF($B$8="","",$B$8+71) | B82: =IF(A82="","",TEXT(A82,"ddd")) | F82: =IF(D82="P",1,0) | G82: =IF(D82="A",1,0) | H82: =IF(D82="L",1,0)
A83: =IF($B$8="","",$B$8+72) | B83: =IF(A83="","",TEXT(A83,"ddd")) | F83: =IF(D83="P",1,0) | G83: =IF(D83="A",1,0) | H83: =IF(D83="L",1,0)
A84: =IF($B$8="","",$B$8+73) | B84: =IF(A84="","",TEXT(A84,"ddd")) | F84: =IF(D84="P",1,0) | G84: =IF(D84="A",1,0) | H84: =IF(D84="L",1,0)
A85: =IF($B$8="","",$B$8+74) | B85: =IF(A85="","",TEXT(A85,"ddd")) | F85: =IF(D85="P",1,0) | G85: =IF(D85="A",1,0) | H85: =IF(D85="L",1,0)
A86: =IF($B$8="","",$B$8+75) | B86: =IF(A86="","",TEXT(A86,"ddd")) | F86: =IF(D86="P",1,0) | G86: =IF(D86="A",1,0) | H86: =IF(D86="L",1,0)
A87: =IF($B$8="","",$B$8+76) | B87: =IF(A87="","",TEXT(A87,"ddd")) | F87: =IF(D87="P",1,0) | G87: =IF(D87="A",1,0) | H87: =IF(D87="L",1,0)
A88: =IF($B$8="","",$B$8+77) | B88: =IF(A88="","",TEXT(A88,"ddd")) | F88: =IF(D88="P",1,0) | G88: =IF(D88="A",1,0) | H88: =IF(D88="L",1,0)
A89: =IF($B$8="","",$B$8+78) | B89: =IF(A89="","",TEXT(A89,"ddd")) | F89: =IF(D89="P",1,0) | G89: =IF(D89="A",1,0) | H89: =IF(D89="L",1,0)
A90: =IF($B$8="","",$B$8+79) | B90: =IF(A90="","",TEXT(A90,"ddd")) | F90: =IF(D90="P",1,0) | G90: =IF(D90="A",1,0) | H90: =IF(D90="L",1,0)
A91: =IF($B$8="","",$B$8+80) | B91: =IF(A91="","",TEXT(A91,"ddd")) | F91: =IF(D91="P",1,0) | G91: =IF(D91="A",1,0) | H91: =IF(D91="L",1,0)
A92: =IF($B$8="","",$B$8+81) | B92: =IF(A92="","",TEXT(A92,"ddd")) | F92: =IF(D92="P",1,0) | G92: =IF(D92="A",1,0) | H92: =IF(D92="L",1,0)
A93: =IF($B$8="","",$B$8+82) | B93: =IF(A93="","",TEXT(A93,"ddd")) | F93: =IF(D93="P",1,0) | G93: =IF(D93="A",1,0) | H93: =IF(D93="L",1,0)
A94: =IF($B$8="","",$B$8+83) | B94: =IF(A94="","",TEXT(A94,"ddd")) | F94: =IF(D94="P",1,0) | G94: =IF(D94="A",1,0) | H94: =IF(D94="L",1,0)
A95: =IF($B$8="","",$B$8+84) | B95: =IF(A95="","",TEXT(A95,"ddd")) | F95: =IF(D95="P",1,0) | G95: =IF(D95="A",1,0) | H95: =IF(D95="L",1,0)
A96: =IF($B$8="","",$B$8+85) | B96: =IF(A96="","",TEXT(A96,"ddd")) | F96: =IF(D96="P",1,0) | G96: =IF(D96="A",1,0) | H96: =IF(D96="L",1,0)
A97: =IF($B$8="","",$B$8+86) | B97: =IF(A97="","",TEXT(A97,"ddd")) | F97: =IF(D97="P",1,0) | G97: =IF(D97="A",1,0) | H97: =IF(D97="L",1,0)
A98: =IF($B$8="","",$B$8+87) | B98: =IF(A98="","",TEXT(A98,"ddd")) | F98: =IF(D98="P",1,0) | G98: =IF(D98="A",1,0) | H98: =IF(D98="L",1,0)
A99: =IF($B$8="","",$B$8+88) | B99: =IF(A99="","",TEXT(A99,"ddd")) | F99: =IF(D99="P",1,0) | G99: =IF(D99="A",1,0) | H99: =IF(D99="L",1,0)
A100: =IF($B$8="","",$B$8+89) | B100: =IF(A100="","",TEXT(A100,"ddd")) | F100: =IF(D100="P",1,0) | G100: =IF(D100="A",1,0) | H100: =IF(D100="L",1,0)
A101: =IF($B$8="","",$B$8+90) | B101: =IF(A101="","",TEXT(A101,"ddd")) | F101: =IF(D101="P",1,0) | G101: =IF(D101="A",1,0) | H101: =IF(D101="L",1,0)
A102: =IF($B$8="","",$B$8+91) | B102: =IF(A102="","",TEXT(A102,"ddd")) | F102: =IF(D102="P",1,0) | G102: =IF(D102="A",1,0) | H102: =IF(D102="L",1,0)
...

Sheet 4-Month Summary
A1: MERN STACK COURSE — ATTENDANCE SUMMARY
A3: Student Name | B3: ='Attendance Tracker'!B6
A4: Course | B4: ='Attendance Tracker'!B3
A5: Start Date | B5: ='Attendance Tracker'!B8
A8: Month | B8: Total Classes | C8: Present | D8: Absent | E8: Leave | F8: Attendance %
A9: Month 1 | B9: =COUNT('Attendance Tracker'!D11:D40) | C9: =COUNTIF('Attendance Tracker'!D11:D40,"P") | D9: =COUNTIF('Attendance Tracker'!D11:D40,"A") | E9: =COUNTIF('Attendance Tracker'!D11:D40,"L") | F9: =IF(B9=0,0,C9/B9)
A10: Month 2 | B10: =COUNT('Attendance Tracker'!D41:D70) | C10: =COUNTIF('Attendance Tracker'!D41:D70,"P") | D10: =COUNTIF('Attendance Tracker'!D41:D70,"A") | E10: =COUNTIF('Attendance Tracker'!D41:D70,"L") | F10: =IF(B10=0,0,C10/B10)
A11: Month 3 | B11: =COUNT('Attendance Tracker'!D71:D100) | C11: =COUNTIF('Attendance Tracker'!D71:D100,"P") | D11: =COUNTIF('Attendance Tracker'!D71:D100,"A") | E11: =COUNTIF('Attendance Tracker'!D71:D100,"L") | F11: =IF(B11=0,0,C11/B11)
A12: Month 4 | B12: =COUNT('Attendance Tracker'!D101:D130) | C12: =COUNTIF('Attendance Tracker'!D101:D130,"P") | D12: =COUNTIF('Attendance Tracker'!D101:D130,"A") | E12: =COUNTIF('Attendance Tracker'!D101:D130,"L") | F12: =IF(B12=0,0,C12/B12)
A13: 4-MONTH TOTAL | B13: =SUM(B9:B12) | C13: =SUM(C9:C12) | D13: =SUM(D9:D12) | E13: =SUM(E9:E12) | F13: =IF(B13=0,0,C13/B13)

Sheet Month 1
A1: MERN STACK COURSE — MONTH 1 ATTENDANCE
A3: Date | B3: Day | C3: Topic / Module | D3: Attendance | E3: Remarks | F3: Present | G3: Absent
A4: ='Attendance Tracker'!A11 | B4: ='Attendance Tracker'!B11 | C4: ='Attendance Tracker'!C11 | D4: ='Attendance Tracker'!D11 | E4: ='Attendance Tracker'!E11 | F4: ='Attendance Tracker'!F11 | G4: ='Attendance Tracker'!G11
A5: ='Attendance Tracker'!A12 | B5: ='Attendance Tracker'!B12 | C5: ='Attendance Tracker'!C12 | D5: ='Attendance Tracker'!D12 | E5: ='Attendance Tracker'!E12 | F5: ='Attendance Tracker'!F12 | G5: ='Attendance Tracker'!G12
A6: ='Attendance Tracker'!A13 | B6: ='Attendance Tracker'!B13 | C6: ='Attendance Tracker'!C13 | D6: ='Attendance Tracker'!D13 | E6: ='Attendance Tracker'!E13 | F6: ='Attendance Tracker'!F13 | G6: ='Attendance Tracker'!G13
A7: ='Attendance Tracker'!A14 | B7: ='Attendance Tracker'!B14 | C7: ='Attendance Tracker'!C14 | D7: ='Attendance Tracker'!D14 | E7: ='Attendance Tracker'!E14 | F7: ='Attendance Tracker'!F14 | G7: ='Attendance Tracker'!G14
A8: ='Attendance Tracker'!A15 | B8: ='Attendance Tracker'!B15 | C8: ='Attendance Tracker'!C15 | D8: ='Attendance Tracker'!D15 | E8: ='Attendance Tracker'!E15 | F8: ='Attendance Tracker'!F15 | G8: ='Attendance Tracker'!G15
A9: ='Attendance Tracker'!A16 | B9: ='Attendance Tracker'!B16 | C9: ='Attendance Tracker'!C16 | D9: ='Attendance Tracker'!D16 | E9: ='Attendance Tracker'!E16 | F9: ='Attendance Tracker'!F16 | G9: ='Attendance Tracker'!G16
A10: ='Attendance Tracker'!A17 | B10: ='Attendance Tracker'!B17 | C10: ='Attendance Tracker'!C17 | D10: ='Attendance Tracker'!D17 | E10: ='Attendance Tracker'!E17 | F10: ='Attendance Tracker'!F17 | G10: ='Attendance Tracker'!G17
A11: ='Attendance Tracker'!A18 | B11: ='Attendance Tracker'!B18 | C11: ='Attendance Tracker'!C18 | D11: ='Attendance Tracker'!D18 | E11: ='Attendance Tracker'!E18 | F11: ='Attendance Tracker'!F18 | G11: ='Attendance Tracker'!G18
A12: ='Attendance Tracker'!A19 | B12: ='Attendance Tracker'!B19 | C12: ='Attendance Tracker'!C19 | D12: ='Attendance Tracker'!D19 | E12: ='Attendance Tracker'!E19 | F12: ='Attendance Tracker'!F19 | G12: ='Attendance Tracker'!G19
A13: ='Attendance Tracker'!A20 | B13: ='Attendance Tracker'!B20 | C13: ='Attendance Tracker'!C20 | D13: ='Attendance Tracker'!D20 | E13: ='Attendance Tracker'!E20 | F13: ='Attendance Tracker'!F20 | G13: ='Attendance Tracker'!G20
A14: ='Attendance Tracker'!A21 | B14: ='Attendance Tracker'!B21 | C14: ='Attendance Tracker'!C21 | D14: ='Attendance Tracker'!D21 | E14: ='Attendance Tracker'!E21 | F14: ='Attendance Tracker'!F21 | G14: ='Attendance Tracker'!G21
A15: ='Attendance Tracker'!A22 | B15: ='Attendance Tracker'!B22 | C15: ='Attendance Tracker'!C22 | D15: ='Attendance Tracker'!D22 | E15: ='Attendance Tracker'!E22 | F15: ='Attendance Tracker'!F22 | G15: ='Attendance Tracker'!G22
... A33: ='Attendance Tracker'!A40 | B33: ='Attendance Tracker'!B40 | C33: ='Attendance Tracker'!C40 | D33: ='Attendance Tracker'!D40 | E33: ='Attendance Tracker'!E40 | F33: ='Attendance Tracker'!F40 | G33: ='Attendance Tracker'!G40

Sheet Month 2
A1: MERN STACK COURSE — MONTH 2 ATTENDANCE
A3: Date | B3: Day | C3: Topic / Module | D3: Attendance | E3: Remarks | F3: Present | G3: Absent
A4: ='Attendance Tracker'!A41 | B4: ='Attendance Tracker'!B41 | C4: ='Attendance Tracker'!C41 | D4: ='Attendance Tracker'!D41 | E4: ='Attendance Tracker'!E41 | F4: ='Attendance Tracker'!F41 | G4: ='Attendance Tracker'!G41
A5: ='Attendance Tracker'!A42 | B5: ='Attendance Tracker'!B42 | C5: ='Attendance Tracker'!C42 | D5: ='Attendance Tracker'!D42 | E5: ='Attendance Tracker'!E42 | F5: ='Attendance Tracker'!F42 | G5: ='Attendance Tracker'!G42
A6: ='Attendance Tracker'!A43 | B6: ='Attendance Tracker'!B43 | C6: ='Attendance Tracker'!C43 | D6: ='Attendance Tracker'!D43 | E6: ='Attendance Tracker'!E43 | F6: ='Attendance Tracker'!F43 | G6: ='Attendance Tracker'!G43
A7: ='Attendance Tracker'!A44 | B7: ='Attendance Tracker'!B44 | C7: ='Attendance Tracker'!C44 | D7: ='Attendance Tracker'!D44 | E7: ='Attendance Tracker'!E44 | F7: ='Attendance Tracker'!F44 | G7: ='Attendance Tracker'!G44
A8: ='Attendance Tracker'!A45 | B8: ='Attendance Tracker'!B45 | C8: ='Attendance Tracker'!C45 | D8: ='Attendance Tracker'!D45 | E8: ='Attendance Tracker'!E45 | F8: ='Attendance Tracker'!F45 | G8: ='Attendance Tracker'!G45
A9: ='Attendance Tracker'!A46 | B9: ='Attendance Tracker'!B46 | C9: ='Attendance Tracker'!C46 | D9: ='Attendance Tracker'!D46 | E9: ='Attendance Tracker'!E46 | F9: ='Attendance Tracker'!F46 | G9: ='Attendance Tracker'!G46
A10: ='Attendance Tracker'!A47 | B10: ='Attendance Tracker'!B47 | C10: ='Attendance Tracker'!C47 | D10: ='Attendance Tracker'!D47 | E10: ='Attendance Tracker'!E47 | F10: ='Attendance Tracker'!F47 | G10: ='Attendance Tracker'!G47
A11: ='Attendance Tracker'!A48 | B11: ='Attendance Tracker'!B48 | C11: ='Attendance Tracker'!C48 | D11: ='Attendance Tracker'!D48 | E11: ='Attendance Tracker'!E48 | F11: ='Attendance Tracker'!F48 | G11: ='Attendance Tracker'!G48
A12: ='Attendance Tracker'!A49 | B12: ='Attendance Tracker'!B49 | C12: ='Attendance Tracker'!C49 | D12: ='Attendance Tracker'!D49 | E12: ='Attendance Tracker'!E49 | F12: ='Attendance Tracker'!F49 | G12: ='Attendance Tracker'!G49
A13: ='Attendance Tracker'!A50 | B13: ='Attendance Tracker'!B50 | C13: ='Attendance Tracker'!C50 | D13: ='Attendance Tracker'!D50 | E13: ='Attendance Tracker'!E50 | F13: ='Attendance Tracker'!F50 | G13: ='Attendance Tracker'!G50
A14: ='Attendance Tracker'!A51 | B14: ='Attendance Tracker'!B51 | C14: ='Attendance Tracker'!C51 | D14: ='Attendance Tracker'!D51 | E14: ='Attendance Tracker'!E51 | F14: ='Attendance Tracker'!F51 | G14: ='Attendance Tracker'!G51
A15: ='Attendance Tracker'!A52 | B15: ='Attendance Tracker'!B52 | C15: ='Attendance Tracker'!C52 | D15: ='Attendance Tracker'!D52 | E15: ='Attendance Tracker'!E52 | F15: ='Attendance Tracker'!F52 | G15: ='Attendance Tracker'!G52
... A33: ='Attendance Tracker'!A70 | B33: ='Attendance Tracker'!B70 | C33: ='Attendance Tracker'!C70 | D33: ='Attendance Tracker'!D70 | E33: ='Attendance Tracker'!E70 | F33: ='Attendance Tracker'!F70 | G33: ='Attendance Tracker'!G70

Sheet Month 3
A1: MERN STACK COURSE — MONTH 3 ATTENDANCE
A3: Date | B3: Day | C3: Topic / Module | D3: Attendance | E3: Remarks | F3: Present | G3: Absent
A4: ='Attendance Tracker'!A71 | B4: ='Attendance Tracker'!B71 | C4: ='Attendance Tracker'!C71 | D4: ='Attendance Tracker'!D71 | E4: ='Attendance Tracker'!E71 | F4: ='Attendance Tracker'!F71 | G4: ='Attendance Tracker'!G71
A5: ='Attendance Tracker'!A72 | B5: ='Attendance Tracker'!B72 | C5: ='Attendance Tracker'!C72 | D5: ='Attendance Tracker'!D72 | E5: ='Attendance Tracker'!E72 | F5: ='Attendance Tracker'!F72 | G5: ='Attendance Tracker'!G72
A6: ='Attendance Tracker'!A73 | B6: ='Attendance Tracker'!B73 | C6: ='Attendance Tracker'!C73 | D6: ='Attendance Tracker'!D73 | E6: ='Attendance Tracker'!E73 | F6: ='Attendance Tracker'!F73 | G6: ='Attendance Tracker'!G73
A7: ='Attendance Tracker'!A74 | B7: ='Attendance Tracker'!B74 | C7: ='Attendance Tracker'!C74 | D7: ='Attendance Tracker'!D74 | E7: ='Attendance Tracker'!E74 | F7: ='Attendance Tracker'!F74 | G7: ='Attendance Tracker'!G74
A8: ='Attendance Tracker'!A75 | B8: ='Attendance Tracker'!B75 | C8: ='Attendance Tracker'!C75 | D8: ='Attendance Tracker'!D75 | E8: ='Attendance Tracker'!E75 | F8: ='Attendance Tracker'!F75 | G8: ='Attendance Tracker'!G75
A9: ='Attendance Tracker'!A76 | B9: ='Attendance Tracker'!B76 | C9: ='Attendance Tracker'!C76 | D9: ='Attendance Tracker'!D76 | E9: ='Attendance Tracker'!E76 | F9: ='Attendance Tracker'!F76 | G9: ='Attendance Tracker'!G76
A10: ='Attendance Tracker'!A77 | B10: ='Attendance Tracker'!B77 | C10: ='Attendance Tracker'!C77 | D10: ='Attendance Tracker'!D77 | E10: ='Attendance Tracker'!E77 | F10: ='Attendance Tracker'!F77 | G10: ='Attendance Tracker'!G77
A11: ='Attendance Tracker'!A78 | B11: ='Attendance Tracker'!B78 | C11: ='Attendance Tracker'!C78 | D11: ='Attendance Tracker'!D78 | E11: ='Attendance Tracker'!E78 | F11: ='Attendance Tracker'!F78 | G11: ='Attendance Tracker'!G78
A12: ='Attendance Tracker'!A79 | B12: ='Attendance Tracker'!B79 | C12: ='Attendance Tracker'!C79 | D12: ='Attendance Tracker'!D79 | E12: ='Attendance Tracker'!E79 | F12: ='Attendance Tracker'!F79 | G12: ='Attendance Tracker'!G79
A13: ='Attendance Tracker'!A80 | B13: ='Attendance Tracker'!B80 | C13: ='Attendance Tracker'!C80 | D13: ='Attendance Tracker'!D80 | E13: ='Attendance Tracker'!E80 | F13: ='Attendance Tracker'!F80 | G13: ='Attendance Tracker'!G80
A14: ='Attendance Tracker'!A81 | B14: ='Attendance Tracker'!B81 | C14: ='Attendance Tracker'!C81 | D14: ='Attendance Tracker'!D81 | E14: ='Attendance Tracker'!E81 | F14: ='Attendance Tracker'!F81 | G14: ='Attendance Tracker'!G81
A15: ='Attendance Tracker'!A82 | B15: ='Attendance Tracker'!B82 | C15: ='Attendance Tracker'!C82 | D15: ='Attendance Tracker'!D82 | E15: ='Attendance Tracker'!E82 | F15: ='Attendance Tracker'!F82 | G15: ='Attendance Tracker'!G82
... A33: ='Attendance Tracker'!A100 | B33: ='Attendance Tracker'!B100 | C33: ='Attendance Tracker'!C100 | D33: ='Attendance Tracker'!D100 | E33: ='Attendance Tracker'!E100 | F33: ='Attendance Tracker'!F100 | G33: ='Attendance Tracker'!G100

Sheet Month 4
A1: MERN STACK COURSE — MONTH 4 ATTENDANCE
A3: Date | B3: Day | C3: Topic / Module | D3: Attendance | E3: Remarks | F3: Present | G3: Absent
A4: ='Attendance Tracker'!A101 | B4: ='Attendance Tracker'!B101 | C4: ='Attendance Tracker'!C101 | D4: ='Attendance Tracker'!D101 | E4: ='Attendance Tracker'!E101 | F4: ='Attendance Tracker'!F101 | G4: ='Attendance Tracker'!G101
A5: ='Attendance Tracker'!A102 | B5: ='Attendance Tracker'!B102 | C5: ='Attendance Tracker'!C102 | D5: ='Attendance Tracker'!D102 | E5: ='Attendance Tracker'!E102 | F5: ='Attendance Tracker'!F102 | G5: ='Attendance Tracker'!G102
A6: ='Attendance Tracker'!A103 | B6: ='Attendance Tracker'!B103 | C6: ='Attendance Tracker'!C103 | D6: ='Attendance Tracker'!D103 | E6: ='Attendance Tracker'!E103 | F6: ='Attendance Tracker'!F103 | G6: ='Attendance Tracker'!G103
A7: ='Attendance Tracker'!A104 | B7: ='Attendance Tracker'!B104 | C7: ='Attendance Tracker'!C104 | D7: ='Attendance Tracker'!D104 | E7: ='Attendance Tracker'!E104 | F7: ='Attendance Tracker'!F104 | G7: ='Attendance Tracker'!G104
A8: ='Attendance Tracker'!A105 | B8: ='Attendance Tracker'!B105 | C8: ='Attendance Tracker'!C105 | D8: ='Attendance Tracker'!D105 | E8: ='Attendance Tracker'!E105 | F8: ='Attendance Tracker'!F105 | G8: ='Attendance Tracker'!G105
A9: ='Attendance Tracker'!A106 | B9: ='Attendance Tracker'!B106 | C9: ='Attendance Tracker'!C106 | D9: ='Attendance Tracker'!D106 | E9: ='Attendance Tracker'!E106 | F9: ='Attendance Tracker'!F106 | G9: ='Attendance Tracker'!G106
A10: ='Attendance Tracker'!A107 | B10: ='Attendance Tracker'!B107 | C10: ='Attendance Tracker'!C107 | D10: ='Attendance Tracker'!D107 | E10: ='Attendance Tracker'!E107 | F10: ='Attendance Tracker'!F107 | G10: ='Attendance Tracker'!G107
A11: ='Attendance Tracker'!A108 | B11: ='Attendance Tracker'!B108 | C11: ='Attendance Tracker'!C108 | D11: ='Attendance Tracker'!D108 | E11: ='Attendance Tracker'!E108 | F11: ='Attendance Tracker'!F108 | G11: ='Attendance Tracker'!G108
A12: ='Attendance Tracker'!A109 | B12: ='Attendance Tracker'!B109 | C12: ='Attendance Tracker'!C109 | D12: ='Attendance Tracker'!D109 | E12: ='Attendance Tracker'!E109 | F12: ='Attendance Tracker'!F109 | G12: ='Attendance Tracker'!G109
A13: ='Attendance Tracker'!A110 | B13: ='Attendance Tracker'!B110 | C13: ='Attendance Tracker'!C110 | D13: ='Attendance Tracker'!D110 | E13: ='Attendance Tracker'!E110 | F13: ='Attendance Tracker'!F110 | G13: ='Attendance Tracker'!G110
A14: ='Attendance Tracker'!A111 | B14: ='Attendance Tracker'!B111 | C14: ='Attendance Tracker'!C111 | D14: ='Attendance Tracker'!D111 | E14: ='Attendance Tracker'!E111 | F14: ='Attendance Tracker'!F111 | G14: ='Attendance Tracker'!G111
A15: ='Attendance Tracker'!A112 | B15: ='Attendance Tracker'!B112 | C15: ='Attendance Tracker'!C112 | D15: ='Attendance Tracker'!D112 | E15: ='Attendance Tracker'!E112 | F15: ='Attendance Tracker'!F112 | G15: ='Attendance Tracker'!G112
... A33: ='Attendance Tracker'!A130 | B33: ='Attendance Tracker'!B130 | C33: ='Attendance Tracker'!C130 | D33: ='Attendance Tracker'!D130 | E33: ='Attendance Tracker'!E130 | F33: ='Attendance Tracker'!F130 | G33: ='Attendance Tracker'!G130
