Workbook

Sheet Attendance Tracker

Sheet 4-Month Summary
A1: MERN STACK COURSE — ATTENDANCE SUMMARY
A3: Student Name | B3: ='Attendance Tracker'!B6
A4: Course | B4: ='Attendance Tracker'!B3
A5: Start Date | B5: ='Attendance Tracker'!B8
A8: Month | B8: Total Classes | C8: Present | D8: Absent | E8: Leave | F8: Attendance %
A9: Month 1 | B9: =COUNT('Attendance Tracker'!D11:D40) | C9: =COUNTIF('Attendance Tracker'!D11:D40,"P") | D9: =COUNTIF('Attendance Tracker'!D11:D40,"A") | E9: =COUNTIF('Attendance Tracker'!D11:D40,"L") | F9: =IF(B9=0,0,C9/B9)
A10: Month 2 | B10: =COUNT('Attendance Tracker'!D41:D70) | C10: =COUNTIF('Attendance Tracker'!D41:D70,"P") | D10: =COUNTIF('Attendance Tracker'!D41:D70,"A") | E10: =COUNTIF('Attendance Tracker'!D41:D70,"L") | F10: =IF(B10=0,0,C10/B10)
A11: Month 3 | B11: =COUNT('Attendance Tracker'!D71:D100) | C11: =COUNTIF('Attendance Tracker'!D71:D100,"P") | D11: =COUNTIF('Attendance Tracker'!D71:D100,"A") | E11: =COUNTIF('Attendance Tracker'!D71:D100,"L") | F11: =IF(B11=0,0,C11/B11)
A12: Month 4 | B12: =COUNT('Attendance Tracker'!D101:D130) | C12: =COUNTIF('Attendance Tracker'!D101:D130,"P") | D12: =COUNTIF('Attendance Tracker'!D101:D130,"A") | E12: =COUNTIF('Attendance Tracker'!D101:D130,"L") | F12: =IF(B12=0,0,C12/B12)
A13: 4-MONTH TOTAL | B13: =SUM(B9:B12) | C13: =SUM(C9:C12) | D13: =SUM(D9:D12) | E13: =SUM(E9:E12) | F13: =IF(B13=0,0,C13/B13)

Sheet Month 1
A1: MERN STACK COURSE — MONTH 1 ATTENDANCE
A3: Date | B3: Day | C3: Topic / Module | D3: Attendance | E3: Remarks | F3: Present | G3: Absent
A4: ='Attendance Tracker'!A11 -> 25569.229 | B4: ='Attendance Tracker'!B11 | C4: ='Attendance Tracker'!C11 | D4: ='Attendance Tracker'!D11 | E4: ='Attendance Tracker'!F11 | F4: ='Attendance Tracker'!G11 | G4: ='Attendance Tracker'!H11
A5: ='Attendance Tracker'!A12 -> 25569.229 | B5: ='Attendance Tracker'!B12 | C5: ='Attendance Tracker'!C12 | D5: ='Attendance Tracker'!D12 | E5: ='Attendance Tracker'!F12 | F5: ='Attendance Tracker'!G12 | G5: ='Attendance Tracker'!H12
A6: ='Attendance Tracker'!A13 -> 25569.229 | B6: ='Attendance Tracker'!B13 | C6: ='Attendance Tracker'!C13 | D6: ='Attendance Tracker'!D13 | E6: ='Attendance Tracker'!F13 | F6: ='Attendance Tracker'!G13 | G6: ='Attendance Tracker'!H13
A7: ='Attendance Tracker'!A14 -> 25569.229 | B7: ='Attendance Tracker'!B14 | C7: ='Attendance Tracker'!C14 | D7: ='Attendance Tracker'!D14 | E7: ='Attendance Tracker'!F14 | F7: ='Attendance Tracker'!G14 | G7: ='Attendance Tracker'!H14
A8: ='Attendance Tracker'!A15 -> 25569.229 | B8: ='Attendance Tracker'!B15 | C8: ='Attendance Tracker'!C15 | D8: ='Attendance Tracker'!D15 | E8: ='Attendance Tracker'!F15 | F8: ='Attendance Tracker'!G15 | G8: ='Attendance Tracker'!H15
A9: ='Attendance Tracker'!A16 -> 25569.229 | B9: ='Attendance Tracker'!B16 | C9: ='Attendance Tracker'!C16 | D9: ='Attendance Tracker'!D16 | E9: ='Attendance Tracker'!F16 | F9: ='Attendance Tracker'!G16 | G9: ='Attendance Tracker'!H16
A10: ='Attendance Tracker'!A17 -> 25569.229 | B10: ='Attendance Tracker'!B17 | C10: ='Attendance Tracker'!C17 | D10: ='Attendance Tracker'!D17 | E10: ='Attendance Tracker'!F17 | F10: ='Attendance Tracker'!G17 | G10: ='Attendance Tracker'!H17
A11: ='Attendance Tracker'!A18 -> 25569.229 | B11: ='Attendance Tracker'!B18 | C11: ='Attendance Tracker'!C18 | D11: ='Attendance Tracker'!D18 | E11: ='Attendance Tracker'!F18 | F11: ='Attendance Tracker'!G18 | G11: ='Attendance Tracker'!H18
A12: ='Attendance Tracker'!A19 -> 25569.229 | B12: ='Attendance Tracker'!B19 | C12: ='Attendance Tracker'!C19 | D12: ='Attendance Tracker'!D19 | E12: ='Attendance Tracker'!F19 | F12: ='Attendance Tracker'!G19 | G12: ='Attendance Tracker'!H19
A13: ='Attendance Tracker'!A20 -> 25569.229 | B13: ='Attendance Tracker'!B20 | C13: ='Attendance Tracker'!C20 | D13: ='Attendance Tracker'!D20 | E13: ='Attendance Tracker'!F20 | F13: ='Attendance Tracker'!G20 | G13: ='Attendance Tracker'!H20
A14: ='Attendance Tracker'!A21 -> 25569.229 | B14: ='Attendance Tracker'!B21 | C14: ='Attendance Tracker'!C21 | D14: ='Attendance Tracker'!D21 | E14: ='Attendance Tracker'!F21 | F14: ='Attendance Tracker'!G21 | G14: ='Attendance Tracker'!H21
A15: ='Attendance Tracker'!A22 -> 25569.229 | B15: ='Attendance Tracker'!B22 | C15: ='Attendance Tracker'!C22 | D15: ='Attendance Tracker'!D22 | E15: ='Attendance Tracker'!F22 | F15: ='Attendance Tracker'!G22 | G15: ='Attendance Tracker'!H22
... A33: ='Attendance Tracker'!A40 -> 25569.229 | B33: ='Attendance Tracker'!B40 | C33: ='Attendance Tracker'!C40 | D33: ='Attendance Tracker'!D40 | E33: ='Attendance Tracker'!F40 | F33: ='Attendance Tracker'!G40 | G33: ='Attendance Tracker'!H40

Sheet Month 2
A1: MERN STACK COURSE — MONTH 2 ATTENDANCE
A3: Date | B3: Day | C3: Topic / Module | D3: Attendance | E3: Remarks | F3: Present | G3: Absent
A4: ='Attendance Tracker'!A41 -> 25569.229 | B4: ='Attendance Tracker'!B41 | C4: ='Attendance Tracker'!C41 | D4: ='Attendance Tracker'!D41 | E4: ='Attendance Tracker'!F41 | F4: ='Attendance Tracker'!G41 | G4: ='Attendance Tracker'!H41
A5: ='Attendance Tracker'!A42 -> 25569.229 | B5: ='Attendance Tracker'!B42 | C5: ='Attendance Tracker'!C42 | D5: ='Attendance Tracker'!D42 | E5: ='Attendance Tracker'!F42 | F5: ='Attendance Tracker'!G42 | G5: ='Attendance Tracker'!H42
A6: ='Attendance Tracker'!A43 -> 25569.229 | B6: ='Attendance Tracker'!B43 | C6: ='Attendance Tracker'!C43 | D6: ='Attendance Tracker'!D43 | E6: ='Attendance Tracker'!F43 | F6: ='Attendance Tracker'!G43 | G6: ='Attendance Tracker'!H43
A7: ='Attendance Tracker'!A44 -> 25569.229 | B7: ='Attendance Tracker'!B44 | C7: ='Attendance Tracker'!C44 | D7: ='Attendance Tracker'!D44 | E7: ='Attendance Tracker'!F44 | F7: ='Attendance Tracker'!G44 | G7: ='Attendance Tracker'!H44
A8: ='Attendance Tracker'!A45 -> 25569.229 | B8: ='Attendance Tracker'!B45 | C8: ='Attendance Tracker'!C45 | D8: ='Attendance Tracker'!D45 | E8: ='Attendance Tracker'!F45 | F8: ='Attendance Tracker'!G45 | G8: ='Attendance Tracker'!H45
A9: ='Attendance Tracker'!A46 -> 25569.229 | B9: ='Attendance Tracker'!B46 | C9: ='Attendance Tracker'!C46 | D9: ='Attendance Tracker'!D46 | E9: ='Attendance Tracker'!F46 | F9: ='Attendance Tracker'!G46 | G9: ='Attendance Tracker'!H46
A10: ='Attendance Tracker'!A47 -> 25569.229 | B10: ='Attendance Tracker'!B47 | C10: ='Attendance Tracker'!C47 | D10: ='Attendance Tracker'!D47 | E10: ='Attendance Tracker'!F47 | F10: ='Attendance Tracker'!G47 | G10: ='Attendance Tracker'!H47
A11: ='Attendance Tracker'!A48 -> 25569.229 | B11: ='Attendance Tracker'!B48 | C11: ='Attendance Tracker'!C48 | D11: ='Attendance Tracker'!D48 | E11: ='Attendance Tracker'!F48 | F11: ='Attendance Tracker'!G48 | G11: ='Attendance Tracker'!H48
A12: ='Attendance Tracker'!A49 -> 25569.229 | B12: ='Attendance Tracker'!B49 | C12: ='Attendance Tracker'!C49 | D12: ='Attendance Tracker'!D49 | E12: ='Attendance Tracker'!F49 | F12: ='Attendance Tracker'!G49 | G12: ='Attendance Tracker'!H49
A13: ='Attendance Tracker'!A50 -> 25569.229 | B13: ='Attendance Tracker'!B50 | C13: ='Attendance Tracker'!C50 | D13: ='Attendance Tracker'!D50 | E13: ='Attendance Tracker'!F50 | F13: ='Attendance Tracker'!G50 | G13: ='Attendance Tracker'!H50
A14: ='Attendance Tracker'!A51 -> 25569.229 | B14: ='Attendance Tracker'!B51 | C14: ='Attendance Tracker'!C51 | D14: ='Attendance Tracker'!D51 | E14: ='Attendance Tracker'!F51 | F14: ='Attendance Tracker'!G51 | G14: ='Attendance Tracker'!H51
A15: ='Attendance Tracker'!A52 -> 25569.229 | B15: ='Attendance Tracker'!B52 | C15: ='Attendance Tracker'!C52 | D15: ='Attendance Tracker'!D52 | E15: ='Attendance Tracker'!F52 | F15: ='Attendance Tracker'!G52 | G15: ='Attendance Tracker'!H52
... A33: ='Attendance Tracker'!A70 -> 25569.229 | B33: ='Attendance Tracker'!B70 | C33: ='Attendance Tracker'!C70 | D33: ='Attendance Tracker'!D70 | E33: ='Attendance Tracker'!F70 | F33: ='Attendance Tracker'!G70 | G33: ='Attendance Tracker'!H70

Sheet Month 3
A1: MERN STACK COURSE — MONTH 3 ATTENDANCE
A3: Date | B3: Day | C3: Topic / Module | D3: Attendance | E3: Remarks | F3: Present | G3: Absent
A4: ='Attendance Tracker'!A71 -> 25569.229 | B4: ='Attendance Tracker'!B71 | C4: ='Attendance Tracker'!C71 | D4: ='Attendance Tracker'!D71 | E4: ='Attendance Tracker'!F71 | F4: ='Attendance Tracker'!G71 | G4: ='Attendance Tracker'!H71
A5: ='Attendance Tracker'!A72 -> 25569.229 | B5: ='Attendance Tracker'!B72 | C5: ='Attendance Tracker'!C72 | D5: ='Attendance Tracker'!D72 | E5: ='Attendance Tracker'!F72 | F5: ='Attendance Tracker'!G72 | G5: ='Attendance Tracker'!H72
A6: ='Attendance Tracker'!A73 -> 25569.229 | B6: ='Attendance Tracker'!B73 | C6: ='Attendance Tracker'!C73 | D6: ='Attendance Tracker'!D73 | E6: ='Attendance Tracker'!F73 | F6: ='Attendance Tracker'!G73 | G6: ='Attendance Tracker'!H73
A7: ='Attendance Tracker'!A74 -> 25569.229 | B7: ='Attendance Tracker'!B74 | C7: ='Attendance Tracker'!C74 | D7: ='Attendance Tracker'!D74 | E7: ='Attendance Tracker'!F74 | F7: ='Attendance Tracker'!G74 | G7: ='Attendance Tracker'!H74
A8: ='Attendance Tracker'!A75 -> 25569.229 | B8: ='Attendance Tracker'!B75 | C8: ='Attendance Tracker'!C75 | D8: ='Attendance Tracker'!D75 | E8: ='Attendance Tracker'!F75 | F8: ='Attendance Tracker'!G75 | G8: ='Attendance Tracker'!H75
A9: ='Attendance Tracker'!A76 -> 25569.229 | B9: ='Attendance Tracker'!B76 | C9: ='Attendance Tracker'!C76 | D9: ='Attendance Tracker'!D76 | E9: ='Attendance Tracker'!F76 | F9: ='Attendance Tracker'!G76 | G9: ='Attendance Tracker'!H76
A10: ='Attendance Tracker'!A77 -> 25569.229 | B10: ='Attendance Tracker'!B77 | C10: ='Attendance Tracker'!C77 | D10: ='Attendance Tracker'!D77 | E10: ='Attendance Tracker'!F77 | F10: ='Attendance Tracker'!G77 | G10: ='Attendance Tracker'!H77
A11: ='Attendance Tracker'!A78 -> 25569.229 | B11: ='Attendance Tracker'!B78 | C11: ='Attendance Tracker'!C78 | D11: ='Attendance Tracker'!D78 | E11: ='Attendance Tracker'!F78 | F11: ='Attendance Tracker'!G78 | G11: ='Attendance Tracker'!H78
A12: ='Attendance Tracker'!A79 -> 25569.229 | B12: ='Attendance Tracker'!B79 | C12: ='Attendance Tracker'!C79 | D12: ='Attendance Tracker'!D79 | E12: ='Attendance Tracker'!F79 | F12: ='Attendance Tracker'!G79 | G12: ='Attendance Tracker'!H79
A13: ='Attendance Tracker'!A80 -> 25569.229 | B13: ='Attendance Tracker'!B80 | C13: ='Attendance Tracker'!C80 | D13: ='Attendance Tracker'!D80 | E13: ='Attendance Tracker'!F80 | F13: ='Attendance Tracker'!G80 | G13: ='Attendance Tracker'!H80
A14: ='Attendance Tracker'!A81 -> 25569.229 | B14: ='Attendance Tracker'!B81 | C14: ='Attendance Tracker'!C81 | D14: ='Attendance Tracker'!D81 | E14: ='Attendance Tracker'!F81 | F14: ='Attendance Tracker'!G81 | G14: ='Attendance Tracker'!H81
A15: ='Attendance Tracker'!A82 -> 25569.229 | B15: ='Attendance Tracker'!B82 | C15: ='Attendance Tracker'!C82 | D15: ='Attendance Tracker'!D82 | E15: ='Attendance Tracker'!F82 | F15: ='Attendance Tracker'!G82 | G15: ='Attendance Tracker'!H82
... A33: ='Attendance Tracker'!A100 -> 25569.229 | B33: ='Attendance Tracker'!B100 | C33: ='Attendance Tracker'!C100 | D33: ='Attendance Tracker'!D100 | E33: ='Attendance Tracker'!F100 | F33: ='Attendance Tracker'!G100 | G33: ='Attendance Tracker'!H100

Sheet Month 4
A1: MERN STACK COURSE — MONTH 4 ATTENDANCE
A3: Date | B3: Day | C3: Topic / Module | D3: Attendance | E3: Remarks | F3: Present | G3: Absent
A4: ='Attendance Tracker'!A101 -> 25569.229 | B4: ='Attendance Tracker'!B101 | C4: ='Attendance Tracker'!C101 | D4: ='Attendance Tracker'!D101 | E4: ='Attendance Tracker'!F101 | F4: ='Attendance Tracker'!G101 | G4: ='Attendance Tracker'!H101
A5: ='Attendance Tracker'!A102 -> 25569.229 | B5: ='Attendance Tracker'!B102 | C5: ='Attendance Tracker'!C102 | D5: ='Attendance Tracker'!D102 | E5: ='Attendance Tracker'!F102 | F5: ='Attendance Tracker'!G102 | G5: ='Attendance Tracker'!H102
A6: ='Attendance Tracker'!A103 -> 25569.229 | B6: ='Attendance Tracker'!B103 | C6: ='Attendance Tracker'!C103 | D6: ='Attendance Tracker'!D103 | E6: ='Attendance Tracker'!F103 | F6: ='Attendance Tracker'!G103 | G6: ='Attendance Tracker'!H103
A7: ='Attendance Tracker'!A104 -> 25569.229 | B7: ='Attendance Tracker'!B104 | C7: ='Attendance Tracker'!C104 | D7: ='Attendance Tracker'!D104 | E7: ='Attendance Tracker'!F104 | F7: ='Attendance Tracker'!G104 | G7: ='Attendance Tracker'!H104
A8: ='Attendance Tracker'!A105 -> 25569.229 | B8: ='Attendance Tracker'!B105 | C8: ='Attendance Tracker'!C105 | D8: ='Attendance Tracker'!D105 | E8: ='Attendance Tracker'!F105 | F8: ='Attendance Tracker'!G105 | G8: ='Attendance Tracker'!H105
A9: ='Attendance Tracker'!A106 -> 25569.229 | B9: ='Attendance Tracker'!B106 | C9: ='Attendance Tracker'!C106 | D9: ='Attendance Tracker'!D106 | E9: ='Attendance Tracker'!F106 | F9: ='Attendance Tracker'!G106 | G9: ='Attendance Tracker'!H106
A10: ='Attendance Tracker'!A107 -> 25569.229 | B10: ='Attendance Tracker'!B107 | C10: ='Attendance Tracker'!C107 | D10: ='Attendance Tracker'!D107 | E10: ='Attendance Tracker'!F107 | F10: ='Attendance Tracker'!G107 | G10: ='Attendance Tracker'!H107
A11: ='Attendance Tracker'!A108 -> 25569.229 | B11: ='Attendance Tracker'!B108 | C11: ='Attendance Tracker'!C108 | D11: ='Attendance Tracker'!D108 | E11: ='Attendance Tracker'!F108 | F11: ='Attendance Tracker'!G108 | G11: ='Attendance Tracker'!H108
A12: ='Attendance Tracker'!A109 -> 25569.229 | B12: ='Attendance Tracker'!B109 | C12: ='Attendance Tracker'!C109 | D12: ='Attendance Tracker'!D109 | E12: ='Attendance Tracker'!F109 | F12: ='Attendance Tracker'!G109 | G12: ='Attendance Tracker'!H109
A13: ='Attendance Tracker'!A110 -> 25569.229 | B13: ='Attendance Tracker'!B110 | C13: ='Attendance Tracker'!C110 | D13: ='Attendance Tracker'!D110 | E13: ='Attendance Tracker'!F110 | F13: ='Attendance Tracker'!G110 | G13: ='Attendance Tracker'!H110
A14: ='Attendance Tracker'!A111 -> 25569.229 | B14: ='Attendance Tracker'!B111 | C14: ='Attendance Tracker'!C111 | D14: ='Attendance Tracker'!D111 | E14: ='Attendance Tracker'!F111 | F14: ='Attendance Tracker'!G111 | G14: ='Attendance Tracker'!H111
A15: ='Attendance Tracker'!A112 -> 25569.229 | B15: ='Attendance Tracker'!B112 | C15: ='Attendance Tracker'!C112 | D15: ='Attendance Tracker'!D112 | E15: ='Attendance Tracker'!F112 | F15: ='Attendance Tracker'!G112 | G15: ='Attendance Tracker'!H112
... A33: ='Attendance Tracker'!A130 -> 25569.229 | B33: ='Attendance Tracker'!B130 | C33: ='Attendance Tracker'!C130 | D33: ='Attendance Tracker'!D130 | E33: ='Attendance Tracker'!F130 | F33: ='Attendance Tracker'!G130 | G33: ='Attendance Tracker'!H130
